TITLE,DESCRIPTION,PRICE,CURRENCY_CODE,QUANTITY,TAGS,MATERIALS,IMAGE1,IMAGE2,IMAGE3,IMAGE4,IMAGE5,IMAGE6,IMAGE7,IMAGE8,IMAGE9,IMAGE10,"VARIATION 1 TYPE","VARIATION 1 NAME","VARIATION 1 VALUES","VARIATION 2 TYPE","VARIATION 2 NAME","VARIATION 2 VALUES",SKU
"Popcorn Box - Digital Collage Layered Template - (T017)","Make your own collage with this Layered Template! Easy to use - just add your images, resize and adjust, change your text, - and it's ready!

This template is for Popcorn Box - apprx 4.25x2"" size
300dpi resolution
Sheet size 8.5""x11""

YOU WILL RECEIVE
 - Collage Template .psd
 - Collage Template .tif
 - Collage Template .png

All files will be in a folder in .zip format
(please contact me if you haven't program to open zip folders)

YOU DON'T NEED ONLY PHOTOSHOP
Files are in three variants - png, psd and tif,
You can check these links to find program you may have
www.fileinfo.com/extension/psd
www.fileinfo.com/extension/png
www.fileinfo.com/extension/tif

.PNG FILES ARE COMPATIBLE WITH MICROSOFT WORD
or any photo editing program that use .PNG files

You may use this template to create collage sheets for sale for Commercial or Personal Use, but you may not sell this template, or use this template to create another template for sale.

After purchasing the file, you will see a link to the Downloads page. You can download all the files associated with your order. Downloads are available once your payment is confirmed.

Thank you!",2,USD,3,"photoshop,gimp,digital,template,layered,png,psd,do_it_yourself,party,favor,popcorn_box,birthday,MICROSOFT_WORD",,https://i.etsystatic.com/6852489/r/il/6d15fd/328383959/il_fullxfull.328383959.jpg,,,,,,,,,,,,,,,,
"Disney Cars Lightning McQueen Printable Birthday Party Bingo Game - 20 game cards","Disney Cars Lightning McQueen Printable Birthday Party Bingo Game
300 dpi high quality
Sheet is 5 x 7""
Files are in PDF format, suitable for printing

You will get
20 different Bingo cards
32 different caller cards - 8 sheets with 4 cards on each
markers - 1 inch circles - 1 sheet

If you need more different cards let me know by message

PLEASE NOTE 
- This listing is for a digital file only and NOT for the actual printed products - YOU NEED TO PRINT IT YOURSELF
- Due to different monitor calibrations and printer setups, output colors may vary.
- Refunds cannot be provided after delivery of digital image due to the nature of the product.

COPYRIGHT NOTICE
All copyrights and trademarks of the character images used belong to their respective owners and are NOT being sold. This listing is for the time and effort used to create and personalize your item, I do not claim ownership over the characters used in my designs. 

Please DO NOT share this file with others or sell as is or as part of a digital collage sheet.

Thank you",5,USD,3,"party_bingo,favor_game,character_bingo,bingo,printable_game,Lightning_McQueen,cars,disney_cars_game,cars_party_printable,cars_bingo_game,McQueen_birthday,cars_birthday_party,McQueen_party_game",,https://i.etsystatic.com/6852489/r/il/ab7e31/1256998592/il_fullxfull.1256998592_cf9e.jpg,https://i.etsystatic.com/6852489/r/il/35e136/1304237801/il_fullxfull.1304237801_j26k.jpg,https://i.etsystatic.com/6852489/r/il/215406/1304237861/il_fullxfull.1304237861_kjhq.jpg,https://i.etsystatic.com/6852489/r/il/09c89c/1304237901/il_fullxfull.1304237901_2esr.jpg,,,,,,,,,,,,,
"Foldable cards 5""x7"" and 4""x6"" - L and A4- Vertical and Horizontal - Digital Layered Template - (T114)","Make your own collage with this Layered Template! Easy to use - just add your images, resize and adjust, change your text, - and it's ready!

This template is for Foldable cards - size 5""x7"" and 4""x6"" vertical and horizontal
300dpi resolution
Sheet size 8.5""x11"" and A4

YOU WILL RECEIVE
Collage Template .psd
Collage Template .tif
Collage Template .png

All files will be in a folder in .zip format
(please contact me if you haven't program to open zip folders)

YOU DON'T NEED ONLY PHOTOSHOP
Files are in three variants - png, psd and tif,
You can check these links to find program you may have
www.fileinfo.com/extension/psd
www.fileinfo.com/extension/png
www.fileinfo.com/extension/tif

.PNG FILES ARE COMPATIBLE WITH MICROSOFT WORD
or any photo editing program that use .PNG files

You may use this template to create collage sheets for sale for Commercial or Personal Use, but you may not sell this template, or use this template to create another template for sale.

After purchasing the file, you will see a link to the Downloads page. You can download all the files associated with your order. Downloads are available once your payment is confirmed.

Thank you!",2,USD,5,"photoshop,gimp,digital,template,png,psd,birthday,party,MICROSOFT_WORD,foldable_card,greeting_card,postcard,card_template",,https://i.etsystatic.com/6852489/r/il/ac45d5/1873247788/il_fullxfull.1873247788_kwmg.jpg,,,,,,,,,,,,,,,,
"Plants vs Zombies Printable Party Bingo Game - 20 game cards","300 dpi high quality
Sheet is 5 x 7""
Files are in PDF format, suitable for printing

You will get
20 different Bingo cards
40 different caller cards - 10 sheets with 4 cards on each
markers - 0.75 inch circles - 1 sheet

If you need more different cards let me know by message

PLEASE NOTE 
- This listing is for a digital file only and NOT for the actual printed products - YOU NEED TO PRINT IT YOURSELF
- Due to different monitor calibrations and printer setups, output colors may vary.
- Refunds cannot be provided after delivery of digital image due to the nature of the product.

COPYRIGHT NOTICE
All copyrights and trademarks of the character images used belong to their respective owners and are NOT being sold. This listing is for the time and effort used to create and personalize your item, I do not claim ownership over the characters used in my designs. 

Please DO NOT share this file with others or sell as is or as part of a digital collage sheet.

Thank you",5,USD,2,"Plants_vs_Zombies,Zombie,plants,pvz,party_bingo,favor_game,pvz_party_game,character_bingo,bingo,printable_game",,https://i.etsystatic.com/6852489/r/il/dcc90f/1304232757/il_fullxfull.1304232757_igb8.jpg,https://i.etsystatic.com/6852489/r/il/f3abaf/1304232823/il_fullxfull.1304232823_h7tc.jpg,https://i.etsystatic.com/6852489/r/il/a432b6/1256993564/il_fullxfull.1256993564_hgdq.jpg,https://i.etsystatic.com/6852489/r/il/f93b94/1256993610/il_fullxfull.1256993610_2u6d.jpg,https://i.etsystatic.com/6852489/r/il/f2e352/1256993656/il_fullxfull.1256993656_qejg.jpg,https://i.etsystatic.com/6852489/r/il/6e96ff/1256993802/il_fullxfull.1256993802_pk5b.jpg,,,,,,,,,,,
"Minions Despicable Me Printable Birthday Party Bingo Game - 20 game cards","Minions Despicable Me Printable Birthday Party Bingo Game - 20 game cards

300 dpi high quality
Sheet is 5 x 7""
Files are in PDF format, suitable for printing

You will get
20 different Bingo cards 
40 different caller cards - 10 sheets with 4 cards on each
markers - 0.75 inch circles - 1 sheet

If you need more different cards let me know by message

PLEASE NOTE 
- This listing is for a digital file only and NOT for the actual printed products - YOU NEED TO PRINT IT YOURSELF
- Due to different monitor calibrations and printer setups, output colors may vary.
- Refunds cannot be provided after delivery of digital image due to the nature of the product.

COPYRIGHT NOTICE
All copyrights and trademarks of the character images used belong to their respective owners and are NOT being sold. This listing is for the time and effort used to create and personalize your item, I do not claim ownership over the characters used in my designs. 

Please DO NOT share this file with others or sell as is or as part of a digital collage sheet.

Thank you",5,USD,3,"despicable_me,minions,favor,party_game,party_bingo,printable_bingo,birthday,minions_party_game,minions_birthday,party_printable,despicable_me_bingo,birthday_printable,minions_printable",,https://i.etsystatic.com/6852489/r/il/077dd7/1256990504/il_fullxfull.1256990504_8h11.jpg,https://i.etsystatic.com/6852489/r/il/325e28/1256990558/il_fullxfull.1256990558_na0h.jpg,https://i.etsystatic.com/6852489/r/il/22339d/1304229957/il_fullxfull.1304229957_1emw.jpg,https://i.etsystatic.com/6852489/r/il/0cfe0e/1304229999/il_fullxfull.1304229999_mjlt.jpg,,,,,,,,,,,,,
"Candy Bar Wrappers - Digital Collage Layered Template - (T014)","Make your own collage with this Layered Template! Easy to use - just add your images, resize and adjust, change your text, - and it's ready!

This template is for Regular Candy Bar Wrappers - size 5,5""x5.25""
Will fit 1.55oz Hersey's Milk Chocolate or product of very similar size
300dpi resolution
Sheet size 8.5""x11""

YOU WILL RECEIVE
Collage Template .psd
Collage Template .tif
Collage Template .png

All files will be in a folder in .zip format
(please contact me if you haven't program to open zip folders)

YOU DON'T NEED ONLY PHOTOSHOP
Files are in three variants - png, psd and tif,
You can check these links to find program you may have
www.fileinfo.com/extension/psd
www.fileinfo.com/extension/png
www.fileinfo.com/extension/tif

.PNG FILES ARE COMPATIBLE WITH MICROSOFT WORD
or any photo editing program that use .PNG files

You may use this template to create collage sheets for sale for Commercial or Personal Use, but you may not sell this template, or use this template to create another template for sale.

After purchasing the file, you will see a link to the Downloads page. You can download all the files associated with your order. Downloads are available once your payment is confirmed.

Thank you!",2,USD,6,"photoshop,gimp,digital,template,collage,png,psd,birthday,party,favor,Hersey,candy_wrapper,MICROSOFT_WORD",,https://i.etsystatic.com/6852489/r/il/e6f20c/328381729/il_fullxfull.328381729.jpg,,,,,,,,,,,,,,,,
"Reading Planner, Printable Reading Journal, Planner Pages, Book Lover's Printable, Reading Tracker, Book Planner, Book Review, Book Tracker","Reading Planner, Printable Reading Journal, Planner Pages, Book Lover's Printable, Reading Tracker, Book Planner, Book Review, Book Tracker
------------
FILE FORMAT - PDF
------------
SIZE - A5 and Half Letter (5.5"" x 8.5"")
------------

If you have any questions or concerns, please contact me via Etsy convo and I'll get back to you as soon as I can.

Thank You!",6,USD,10,"book_planner,reading_planner,planner_inserts,planner_pages,reading_tracker,book_club_planner,book_review,book_tracker,reading_log,reading_journal_kit,reading_journal,reading_reflection,reading_printable",,https://i.etsystatic.com/6852489/r/il/358138/2874495470/il_fullxfull.2874495470_g8vr.jpg,https://i.etsystatic.com/6852489/r/il/bd348f/2874495560/il_fullxfull.2874495560_r6pb.jpg,https://i.etsystatic.com/6852489/r/il/a1681e/2922180835/il_fullxfull.2922180835_q1ux.jpg,https://i.etsystatic.com/6852489/r/il/c67bdb/2874495760/il_fullxfull.2874495760_h6to.jpg,https://i.etsystatic.com/6852489/r/il/40d975/2874495826/il_fullxfull.2874495826_p9ek.jpg,https://i.etsystatic.com/6852489/r/il/8cb6c9/2874495934/il_fullxfull.2874495934_j74b.jpg,https://i.etsystatic.com/6852489/r/il/8be2eb/2874496054/il_fullxfull.2874496054_dswt.jpg,https://i.etsystatic.com/6852489/r/il/2da53f/2922181267/il_fullxfull.2922181267_g1by.jpg,,,,,,,,,
"Party Hat - Digital Collage Layered Template - (T058)","Make your own collage with this Layered Template! Easy to use - just add your images, resize and adjust, change your text, - and it's ready!

This template is for Party Hat. 
300dpi resolution
Sheet size 8.5""x11""

YOU WILL RECEIVE
- Collage Template .psd
- Collage Template .tif
- Collage Template .png

All files will be in a folder in .zip format

YOU DON'T NEED ONLY PHOTOSHOP
Files are in three variants - png, psd and tif,
You can check these links to find program you may have
www.fileinfo.com/extension/psd
www.fileinfo.com/extension/png
www.fileinfo.com/extension/tif

.PNG FILES ARE COMPATIBLE WITH MICROSOFT WORD
or any photo editing program that use .PNG files

You may use this template to create collage sheets for sale for Commercial or Personal Use, but you may not sell this template, or use this template to create another template for sale.

After purchasing the file, you will see a link to the Downloads page. You can download all the files associated with your order. Downloads are available once your payment is confirmed.

Thank you!",2,USD,1,"photoshop,gimp,digital,template,layered,collage,png,psd,party_favor,birthday,hat,MICROSOFT_WORD",,https://i.etsystatic.com/6852489/r/il/9701d7/340601893/il_fullxfull.340601893.jpg,,,,,,,,,,,,,,,,
"1.3 oz Mini Pringles Labels - Digital Collage Layered Template - (T102)","Make your own collage with this Layered Template! Easy to use - just add your images, resize and adjust, change your text, - and it's ready!

This template is for 1.3 oz Mini Pringles Labels
300dpi resolution
Sheet size 8.5""x11""

YOU WILL RECEIVE
     Template for 3"" top label (6 per page) and template for 3.15"" x 10"" wrapper (2 per page) in the following formats:
          - PSD
          - PNG
          - TIF
   All files will be in a folder in .zip format

YOU DON'T NEED ONLY PHOTOSHOP
Files are in three variants - png, psd and tif,
You can check these links to find program you may have
www.fileinfo.com/extension/psd
www.fileinfo.com/extension/png
www.fileinfo.com/extension/tif

.PNG FILES ARE COMPATIBLE WITH MICROSOFT WORD
or any photo editing program that use .PNG files

You may use this template to create collage sheets for sale for Commercial or Personal Use, but you may not sell this template, or use this template to create another template for sale.

After purchasing the file, you will see a link to the Downloads page. You can download all the files associated with your order. Downloads are available once your payment is confirmed.

Thank you!",2,USD,1,"photoshop,gimp,digital,template,do_it_yourself,png,psd,party_favor,photo,birthday,MICROSOFT_WORD,pringles,chips",,https://i.etsystatic.com/6852489/r/il/66942c/1194130235/il_fullxfull.1194130235_n39m.jpg,https://i.etsystatic.com/6852489/r/il/445828/1147526632/il_fullxfull.1147526632_od4h.jpg,,,,,,,,,,,,,,,
"Cards and Envelopes - Digital Collage Layered Template - (T024)","Make your own collage with this Layered Photoshop Template! Easy to use - just add your images, resize and adjust, change your text, - and it's ready!

This template is for Cards 3.1x4"" and Envelopes 3.3x4.7"" when folded
300dpi resolution
Sheet size 8.5""x11""

YOU WILL RECEIVE
Collage Template .psd
Collage Template .tif
Collage Template .png
All files will be in a folder in .zip format

YOU DON'T NEED ONLY PHOTOSHOP
Files are in three variants - png, psd and tif,
You can check these links to find program you may have
www.fileinfo.com/extension/psd
www.fileinfo.com/extension/png
www.fileinfo.com/extension/tif

.PNG FILES ARE COMPATIBLE WITH MICROSOFT WORD
or any photo editing program that use .PNG files

You may use this template to create collage sheets for sale for Commercial or Personal Use, but you may not sell this template, or use this template to create another template for sale.

After purchasing the file, you will see a link to the Downloads page. You can download all the files associated with your order. Downloads are available once your payment is confirmed.

Thank you!",2,USD,2,"photoshop,digital,template,layered,do_it_yourself,collage,png,psd,party_favor,tag,card,envelope,MICROSOFT_WORD",,https://i.etsystatic.com/6852489/r/il/31d9ca/328958864/il_fullxfull.328958864.jpg,,,,,,,,,,,,,,,,
"Mini Candy Bar Wrappers - Digital Collage Sheet Layered Template - (T013)","Make your own collage sheets with this Layered Template! Easy to use - just add your images, resize and adjust, change your text, - and it's ready!

This template is for Mini Candy Bar Wrappers - each rectangle and frame a little bit bigger than 1.5x3.25 inch size - for perfect trimming - no more white lines!
Will fit Hersey's mini candy or product of very similar size
300dpi resolution
Sheet size 8.5""x11""

YOU WILL RECEIVE
- Collage Sheet Template .psd
- Collage Sheet Template .tif
- Collage Sheet Template .png
All files will be in a folder in .zip format

YOU DON'T NEED ONLY PHOTOSHOP
Files are in three variants - png, psd and tif,
You can check these links to find program you may have
www.fileinfo.com/extension/psd
www.fileinfo.com/extension/png
www.fileinfo.com/extension/tif

.PNG FILES ARE COMPATIBLE WITH MICROSOFT WORD
or any photo editing program that use .PNG files

You may use this template to create collage sheets for sale for Commercial or Personal Use, but you may not sell this template, or use this template to create another template for sale.

After purchasing the file, you will see a link to the Downloads page. You can download all the files associated with your order. Downloads are available once your payment is confirmed.

Thank you!",2,USD,7,"photoshop,gimp,digital,template,layered,png,psd,birthday,party,favor,candy_wrapper,Hersey,MICROSOFT_WORD",,https://i.etsystatic.com/6852489/r/il/7e42b4/328380419/il_fullxfull.328380419.jpg,,,,,,,,,,,,,,,,
"2021 Bookmarks Calendar, Printable Planner Calendar, Full year Calendar, Editable bookmarks","Printable 2021 Full Year Calendar - INSTANT DOWNLOAD

Bookmarks calendar - 8"" x 2,4"" size
300dpi resolution
Sheet size 8.5""x11""

This template is design to create double-sided bookmark calendar. On the bottom of calendar side is small space to add your company name and contacts

YOU WILL RECEIVE
- Sunday start 2021 full calendar
- Monday start 2021 full calendar
- bigger overlay without cut lines for front images

You may use this template to create collage sheets for sale for Commercial or Personal Use, but you may not sell this template, or use this template to create another template for sale.

After purchasing the file, you will see a link to the Downloads page. You can download all the files associated with your order. Downloads are available once your payment is confirmed.

Thank you!",5,USD,3,"favor,bookmark,planner_calendar,printable_calendar,bookmarks_calendar,2020_calendar,full_year_calendar,company_calendar,DIY_calendar,2021_year_calendar,2021_bookmarks,2021_calendar,2021_gift_calendar",,https://i.etsystatic.com/6852489/r/il/2e190d/2683580491/il_fullxfull.2683580491_52wo.jpg,https://i.etsystatic.com/6852489/r/il/d55270/2139098739/il_fullxfull.2139098739_o3t0.jpg,https://i.etsystatic.com/6852489/r/il/44e22a/2139098775/il_fullxfull.2139098775_nmt0.jpg,https://i.etsystatic.com/6852489/r/il/ea6641/2091538104/il_fullxfull.2091538104_8yl6.jpg,,,,,,,,,,,,,
"Construction Digital Paper Pack - 40 files - 12x12 Scrapbooking Paper - Instant Download (SET4)","These papers will come in handy in any creative project like scrapbooking, invitations, announcements, and party favors, stationary, paper crafts and art. Ready for immediate digital and print use!

Construction Digital Paper Pack contains FORTY 12"" x 12"" (3600 x 3600 px) digital papers. Files are in 300dpi JPG and PNG formats. Works with graphics programs such as Photoshop, Photoshop Elements, GIMP. etc.
All files will be in a folder in .zip format

~LICENSE~
You may use this template to create collage sheets for sale for Commercial or Personal Use, but you may not sell this template, or use this template to create another template for sale.

~MATCHING CLIPART~
https://www.etsy.com/listing/527600439

~INSTANT DOWNLOAD~
After purchasing the file, you will see a link to the Downloads page. You can download all the files associated with your order. Downloads are available once your payment is confirmed.

Thank you!",4,USD,4,"photoshop,gimp,digital,do_it_yourself,party_favor,photo,birthday,construction,12x12_paper,Digital_Scrapbook,Printable_Paper,Truck,digital_background",,https://i.etsystatic.com/6852489/r/il/c4d6d5/1236302217/il_fullxfull.1236302217_js3y.jpg,https://i.etsystatic.com/6852489/r/il/f91357/1236302291/il_fullxfull.1236302291_jbq2.jpg,https://i.etsystatic.com/6852489/r/il/0e8428/1189084788/il_fullxfull.1189084788_dxta.jpg,https://i.etsystatic.com/6852489/r/il/717603/1189084776/il_fullxfull.1189084776_k7za.jpg,https://i.etsystatic.com/6852489/r/il/b84bea/1189084760/il_fullxfull.1189084760_oo06.jpg,,,,,,,,,,,,
"Postcards Back - 4x6"" and 5x7"" - (T099)","Use this digital template to create your own postcards for any occasion - like birthday, anniversary, christmas and new year
These postcard backs come in two sizes/three font styles and are perfect for DIY journaling and scrapbooking projects

300dpi resolution
Sheet size 4""x6"" and 5""x7""

YOU WILL RECEIVE
6 images both in PNG and JPG formats
All files will be in a folder in .zip format
(please contact me if you haven't program to open zip folders)

YOU DON'T NEED ONLY PHOTOSHOP
You can check these links to find program you may have
www.fileinfo.com/extension/png

.PNG FILES ARE COMPATIBLE WITH MICROSOFT WORD
or any photo editing program that use .PNG files

You may use this template to create collage sheets for sale for Commercial or Personal Use, but you may not sell this template, or use this template to create another template for sale.

After purchasing the file, you will see a link to the Downloads page. You can download all the files associated with your order. Downloads are available once your payment is confirmed.

Thank you!",2,USD,9,"digital,template,png,birthday,scrapbooking,MICROSOFT_WORD,postcard,postcard_back,post_card,christmas_card,post_card_template,diy_card_template,journaling",,https://i.etsystatic.com/6852489/r/il/3abd60/1138561149/il_fullxfull.1138561149_1cgk.jpg,https://i.etsystatic.com/6852489/r/il/55da4d/1091970028/il_fullxfull.1091970028_clvb.jpg,,,,,,,,,,,,,,,
"Tic Tac Label Set - Digital Collage Sheet Layered Template - (T059)","Make your own collage sheets with this Layered Template! Easy to use - just add your images, resize and adjust, change your text, - and it's ready!

This template is for Tic Tac Label Set - one for full wrap, one for front and back label
300dpi resolution
Sheet size 8.5""x11""
Full wrap size - 3,75"" x 1,25""
Front and back label - 1,25"" x 2,25""

YOU WILL RECEIVE
- Collage Sheet Template .psd
- Collage Sheet Template .tif
- Collage Sheet Template .png

All files will be in a folder in .zip format
(please contact me if you haven't program to open zip folders)

YOU DON'T NEED ONLY PHOTOSHOP
Files are in three variants - png, psd and tif,
You can check these links to find program you may have
www.fileinfo.com/extension/psd
www.fileinfo.com/extension/png
www.fileinfo.com/extension/tif

.PNG FILES ARE COMPATIBLE WITH MICROSOFT WORD
or any photo editing program that use .PNG files

You may use this template to create collage sheets for sale for Commercial or Personal Use, but you may not sell this template, or use this template to create another template for sale.

After purchasing the file, you will see a link to the Downloads page. You can download all the files associated with your order. Downloads are available once your payment is confirmed.

Thank you!",2,USD,3,"photoshop,gimp,digital,template,layered,png,psd,birthday,party,favor,wrapper,tic_tac,MICROSOFT_WORD",,https://i.etsystatic.com/6852489/r/il/b77fcd/340602701/il_fullxfull.340602701.jpg,,,,,,,,,,,,,,,,
"2021 (and 2020) digital PNG calendar - 12 fonts - Black and White - monthly calendar - transparent background","Printable 2021 Monthly Calendar
transparent PNG files
Monday and Sunday Start

It measures 3"" x 2,5""
300 dpi high quality

You will get
- 12 sets of month pages (12 different fonts) for 2021
- year 2021 files
Both in white and black colors
+ the set for the year 2020 (black only)
Fonts list is included - all fonts are free for commercial use

You do not need a license for your commercial use

All files will be in a folder in .zip format

.PNG FILES ARE COMPATIBLE WITH MICROSOFT WORD
or any photo editing program that use .PNG files

You may use this template to create collages for sale for Commercial or Personal Use, but you may not sell this template, or use this template to create another template for sale.

After purchasing the file, you will see a link to the Downloads page. You can download all the files associated with your order. Downloads are available once your payment is confirmed.

Thank you!",5,USD,9,"calendar,photographer,calendar_template,monthly_calendar,premade_calendar,anniversary_calendar,scrapbooking,diy_calendar,png_calendar,2021_calendar,year_2021_template,2021_wedding,white_calendar",,https://i.etsystatic.com/6852489/r/il/bf7483/2372021653/il_fullxfull.2372021653_2hwp.jpg,https://i.etsystatic.com/6852489/r/il/e1978a/1732134535/il_fullxfull.1732134535_gmlh.jpg,,,,,,,,,,,,,,,
"2021 Calendar template 8.5""x11"" (C23) JPG and PNG - personal or commercial use","Printable 2021 Single page 12 month calendar
PNG and JPG files
Sunday and Monday start
Horizontal and Vertical orientation
12 fonts - 4 Serif, 4 Sans Serif, 4 Script - All fonts are free for commercial use

It measures 8.5"" x 11""
300 dpi high quality

YOU WILL RECEIVE
- Horizontal sunday start calendars - 12 fonts - PNG + JPG
- Vertical sunday start calendars - 12 fonts - PNG + JPG
- Horizontal monday start calendars - 12 fonts - PNG + JPG
- Vertical monday start calendars - 12 fonts - PNG + JPG
- Fonts list with links to download

You can check these links to find program you may have
www.fileinfo.com/extension/png
www.fileinfo.com/extension/jpg

You may use this template to create collage sheets for sale for Commercial or Personal Use, but you may not sell this template, or use this template to create another template for sale.

After purchasing the file, you will see a link to the Downloads page. You can download all the files associated with your order. Downloads are available once your payment is confirmed.

Thank you!",5,USD,1,"printable,calendar,gift,template,photo,wedding,Photographer,wall_calendar,DIY_calendar,png_calendar,2021_calendar,2021_photo_calendar,2021_desk_calendar",,https://i.etsystatic.com/6852489/r/il/da0be4/2445704611/il_fullxfull.2445704611_7s6k.jpg,https://i.etsystatic.com/6852489/r/il/7c917c/2398080074/il_fullxfull.2398080074_bw3l.jpg,https://i.etsystatic.com/6852489/r/il/a78555/2445704725/il_fullxfull.2445704725_stsv.jpg,https://i.etsystatic.com/6852489/r/il/a8f63c/1579630913/il_fullxfull.1579630913_qtql.jpg,,,,,,,,,,,,,
"2"" Cupcake Toppers - Digital Collage Sheet Layered Template - (T048)","Make your own collage sheets with this Layered Template! Easy to use - just add your images, resize and adjust, change your text, - and it's ready!

This template is for 2 inch circles. Each circle and frame a little bit bigger than 2 inch size - for perfect trimming - no more white lines!
300dpi resolution
Sheet size 8.5""x11""
Fits to Avery 2"" labels

YOU WILL RECEIVE
Collage Sheet Template .psd
Collage Sheet Template .tif
Collage Sheet Template .png

All files will be in a folder in .zip format
(please contact me if you haven't program to open zip folders)

YOU DON'T NEED ONLY PHOTOSHOP
Files are in three variants - png, psd and tif,
You can check these links to find program you may have
www.fileinfo.com/extension/psd
www.fileinfo.com/extension/png
www.fileinfo.com/extension/tif

.PNG FILES ARE COMPATIBLE WITH MICROSOFT WORD
or any photo editing program that use .PNG files

You may use this template to create collage sheets for sale for Commercial or Personal Use, but you may not sell this template, or use this template to create another template for sale.

After purchasing the file, you will see a link to the Downloads page. You can download all the files associated with your order. Downloads are available once your payment is confirmed.

Thank you!",2,USD,5,"photoshop,gimp,digital,template,layered,png,psd,party_favor,tag,cupcake_topper,avery,2_inch,MICROSOFT_WORD",,https://i.etsystatic.com/6852489/r/il/c3cc5c/328823375/il_fullxfull.328823375.jpg,,,,,,,,,,,,,,,,
"Treat Bag Toppers - Digital Collage Sheet Layered Template - (T001)","Make your own collage sheets with this Layered Template! Easy to use - just add your images, resize and adjust, change your text, - and it's ready!

This template is for Treat Bag Toppers 4"" x 3.5"" (when folded in half 4"" x 1.75"")
300dpi resolution
Sheet size 8.5""x11""

YOU WILL RECEIVE
Collage Sheet Template .psd
Collage Sheet Template .tif
Collage Sheet Template .png

All files will be in a folder in .zip format
(please contact me if you haven't program to open zip folders)

YOU DON'T NEED ONLY PHOTOSHOP
Files are in three variants - png, psd and tif,
You can check these links to find program you may have
www.fileinfo.com/extension/psd
www.fileinfo.com/extension/png
www.fileinfo.com/extension/tif

.PNG FILES ARE COMPATIBLE WITH MICROSOFT WORD
or any photo editing program that use .PNG files

You may use this template to create collage sheets for sale for Commercial or Personal Use, but you may not sell this template, or use this template to create another template for sale.

After purchasing the file, you will see a link to the Downloads page. You can download all the files associated with your order. Downloads are available once your payment is confirmed.

Thank you!",2,USD,7,"photoshop,gimp,digital,template,layered,do_it_yourself,png,psd,party_favor,treat_bag_topper,photo,birthday,MICROSOFT_WORD",,https://i.etsystatic.com/6852489/r/il/bfac76/328501440/il_fullxfull.328501440.jpg,,,,,,,,,,,,,,,,
"Foldable cards 4""x4"" - Vertical and Horizontal - Digital Layered Template - (T115)","Make your own collage with this Layered Template! Easy to use - just add your images, resize and adjust, change your text, - and it's ready!

This template is for Foldable cards - size 4""x4"" vertical and horizontal
300dpi resolution
Sheet size
- L - 8.5"" x 11""
- HL - 5.5"" x 8.5""

YOU WILL RECEIVE FILES IN FOLLOWING FORMATS
- PSD (classical for Photoshop, Gimp, Photopea, etc)
- TIF (optimized layered format)
- PNG (can be used in MS WORD)
- AI (vector for cutting machines)

All files will be in a folder in .zip format
(please contact me if you haven't program to open zip folders)

YOU DON'T NEED ONLY PHOTOSHOP
Files are in four variants - png, psd, ai and tif
You can check these links to find program you may have
www.fileinfo.com/extension/psd
www.fileinfo.com/extension/png
www.fileinfo.com/extension/tif
https://fileinfo.com/extension/ai

.PNG FILES ARE COMPATIBLE WITH MICROSOFT WORD
or any photo editing program that use .PNG files

You may use this template to create collage sheets for sale for Commercial or Personal Use, but you may not sell this template, or use this template to create another template for sale.

After purchasing the file, you will see a link to the Downloads page. You can download all the files associated with your order. Downloads are available once your payment is confirmed.

Thank you!",2,USD,5,"photoshop,gimp,digital,template,png,psd,birthday,party,MICROSOFT_WORD,foldable_card,greeting_card,postcard,card_template",,https://i.etsystatic.com/6852489/r/il/e2fbca/2313419611/il_fullxfull.2313419611_naqc.jpg,https://i.etsystatic.com/6852489/r/il/3bacec/2265819994/il_fullxfull.2265819994_r0p7.jpg,https://i.etsystatic.com/6852489/r/il/49879c/2313419649/il_fullxfull.2313419649_ti0h.jpg,,,,,,,,,,,,,,
"Bingo Game 5x5 - Digital Collage Layered Template - (T092)","Make your own collage with this Layered Template! Easy to use - just add your images, resize and adjust, change your text, - and it's ready!

This template is for 5x5 squares Bingo Game
300dpi resolution
Sheet size 5""x7""

If you need 4x4 Bingo Game template please see this link
https://www.etsy.com/listing/260076020

YOU WILL RECEIVE
Collage Template .psd (layers with clipping masks)
Collage Template .tif
Collage Template .png
Excel file with 50 different cards (numbers)

All files will be in a folder in .zip format
(please contact me if you haven't program to open zip folders)

YOU DON'T NEED ONLY PHOTOSHOP
Files are in three variants - png, psd and tif,
You can check these links to find program you may have
www.fileinfo.com/extension/psd
www.fileinfo.com/extension/png
www.fileinfo.com/extension/tif

.PNG FILES ARE COMPATIBLE WITH MICROSOFT WORD
or any photo editing program that use .PNG files

You may use this template to create collage sheets for sale for Commercial or Personal Use, but you may not sell this template, or use this template to create another template for sale.

After purchasing the file, you will see a link to the Downloads page. You can download all the files associated with your order. Downloads are available once your payment is confirmed.

Please see the policies in the tab above

Thank you!",2,USD,9,"photoshop,digital,template,layered,collage,png,psd,birthday,party,MICROSOFT_WORD,bingo,game",,https://i.etsystatic.com/6852489/r/il/9493c1/886346054/il_fullxfull.886346054_m2mz.jpg,,,,,,,,,,,,,,,,
"Slimline card 8.5""x3.5"" - Digital Layered Template - (T118)","Make your own collage with this Layered Template! Easy to use - just add your images, resize and adjust, change your text, - and it's ready!

This template is for Slimline card, size is 8.5""x3.5"". The card is designed to fit into a regular #10 business sized envelope
300dpi resolution
Sheet size L (8.5""x11"") and A4 (210mm x 297mm)

YOU WILL RECEIVE
Collage Template .psd
Collage Template .tif
Collage Template .png

All files will be in a folder in .zip format
(please contact me if you haven't program to open zip folders)

YOU DON'T NEED ONLY PHOTOSHOP
Files are in three variants - png, psd and tif,
You can check these links to find program you may have
www.fileinfo.com/extension/psd
www.fileinfo.com/extension/png
www.fileinfo.com/extension/tif

.PNG FILES ARE COMPATIBLE WITH MICROSOFT WORD
or any photo editing program that use .PNG files

You may use this template to create collage sheets for sale for Commercial or Personal Use, but you may not sell this template, or use this template to create another template for sale.

After purchasing the file, you will see a link to the Downloads page. You can download all the files associated with your order. Downloads are available once your payment is confirmed.

Thank you!",2,USD,9,"digital,template,png,psd,birthday,party,MICROSOFT_WORD,foldable_card,greeting_card,postcard,card_template,slimline_card,birthday_card",,https://i.etsystatic.com/6852489/r/il/366c05/2491873738/il_fullxfull.2491873738_28zp.jpg,,,,,,,,,,,,,,,,
"Baby Onesie Tags - Digital Collage Layered Template - (T081)","Make your own collage sheets with this Layered Template! Easy to use - just add your images, resize and adjust, change your text, - and it's ready!

This template is for Baby Onesie Tags 2.3"" x 2.5""
300dpi resolution
Sheet size 8.5""x11""

YOU WILL RECEIVE
Collage Sheet Template .psd
Collage Sheet Template .tif
Collage Sheet Template .png
All files will be in a folder in .zip format
(please contact me if you haven't program to open zip folders)

YOU DON'T NEED ONLY PHOTOSHOP
Files are in three variants - png, psd and tif,
You can check these links to find program you may have
www.fileinfo.com/extension/psd
www.fileinfo.com/extension/png
www.fileinfo.com/extension/tif

.PNG FILES ARE COMPATIBLE WITH MICROSOFT WORD
or any photo editing program that use .PNG files

You may use this template to create collage sheets for sale for Commercial or Personal Use, but you may not sell this template, or use this template to create another template for sale.

After purchasing the file, you will see a link to the Downloads page. You can download all the files associated with your order. Downloads are available once your payment is confirmed.

Thank you!",2,USD,3,"photoshop,digital,template,layered,collage,png,psd,label,tag,thank_you,ATC,baby_onesie,MICROSOFT_WORD",,https://i.etsystatic.com/6852489/r/il/07da3f/467387224/il_fullxfull.467387224_mbht.jpg,,,,,,,,,,,,,,,,
"Fairy Lights Digital Clipart - String Lights - 36 files - Scrapbooking Elements - Instant Download (T111)","These elements will come in handy in any creative project like scrapbooking, invitations, announcements, and party favors, stationary, paper crafts and art. Ready for immediate digital and print use!

Fairy Lights Digital Clipart - String Lights Pack contains 36 elements (6 designs, 6 string variants). Combine different string lights to create your own design!

Files are in 300dpi PNG format. Works with graphics programs such as Photoshop, Photoshop Elements, GIMP. etc.
All files will be in a folder in .zip format

~LICENSE~
You may use this template to create collage sheets for sale for Commercial or Personal Use
You can not sell or share this files as they are or as clipart.

~INSTANT DOWNLOAD~
After purchasing the file, you will see a link to the Downloads page. You can download all the files associated with your order. Downloads are available once your payment is confirmed.

Thank you!",3,USD,7,"photoshop,digital,do_it_yourself,birthday,Digital_Scrapbook,clipart,Fairy_Lights_Clipart,String_Light_Clipart,party_lights_clipart,boho_clipart,wedding_clipart,photo_decor,christmas_lights",,https://i.etsystatic.com/6852489/r/il/7c08a5/1524086363/il_fullxfull.1524086363_jy94.jpg,https://i.etsystatic.com/6852489/r/il/d2d3b0/1476585214/il_fullxfull.1476585214_351m.jpg,https://i.etsystatic.com/6852489/r/il/ed8f91/1476585296/il_fullxfull.1476585296_frpy.jpg,,,,,,,,,,,,,,
"2021 Printable calendar 5""x7"", Monthly calendar digital download, Desk calendar, Flower calendar, Monthly planner inserts, Floral calendar","2021 Printable calendar 5""x7"", Monthly calendar digital download, Desk calendar, Flower calendar, Monthly planner inserts, Floral calendar

--------------
FILE SIZES
--------------
5"" x 7""
Letter - 8.5"" x 11"" (5""x7"" with cut lines)

---------------
YOU WILL RECEIVE
---------------
in JPG format (300 dpi):
- 5""x7"" calendar - Sunday start
- 5""x7"" calendar - Monday start
- 5""x7"" calendar pages set on 8.5""x11"" sheet with cut lines - Sunday start
- 5""x7"" calendar pages set on 8.5""x11"" sheet with cut lines - Monday start
All files are in the ZIP folder

-------------------
PLEASE NOTE
-------------------
- You are purchasing a digital item; no physical goods will be delivered.
- Due to instant delivery all sales are final.
- These prints are for PERSONAL USE only; reselling or distribution is not permitted.

After purchasing the file, you will get a link to the Downloads page. You can download all the files associated with your order. Downloads are available once your payment is confirmed.

Thank you!",6.5,USD,7,"Desk_calendar,2021_calendar,printable_calendar,2021_gift_calendar,2021_planner_inserts,2021_planner,monthly_calendar,mini_calendar,botanical_calendar,digital_calendar,planner_printables,flower_calendar,floral_calendar",,https://i.etsystatic.com/6852489/r/il/0e929c/2721049585/il_fullxfull.2721049585_c02c.jpg,https://i.etsystatic.com/6852489/r/il/d24139/2721049767/il_fullxfull.2721049767_cw2q.jpg,https://i.etsystatic.com/6852489/r/il/3dd533/2721049881/il_fullxfull.2721049881_ia8a.jpg,https://i.etsystatic.com/6852489/r/il/325e7d/2721049935/il_fullxfull.2721049935_4kwl.jpg,https://i.etsystatic.com/6852489/r/il/234639/2673367930/il_fullxfull.2673367930_ql5y.jpg,https://i.etsystatic.com/6852489/r/il/c1b9b7/2673368342/il_fullxfull.2673368342_gu2w.jpg,,,,,,,,,,,
"Plants vs Zombies Regular Candy Bar Wrappers Printable - A4 and Letter","digital collage sheet

Regular Candy Bar Wrappers - size 5,5""x5.25""
Will fit 1.55oz Hersey's Milk Chocolate or product of very similar size
300dpi resolution
Sheet size 8.5""x11"" and A4

FILES ARE AVAILABLE RIGHT AFTER PAYMENT

YOU WILL GET 
- 1 PDF file with 8 zombie' and 8 plants' wrappers without text - A4
- 1 PDF file with 8 zombie' and 8 plants' wrappers without text - Letter (8.5x11"")
- 1 PDF file with 8 zombie' and 8 plants' wrappers with ""HAPPY BIRTHDAY"" - A4
- 1 PDF file with 8 zombie' and 8 plants' wrappers with ""HAPPY BIRTHDAY"" - Letter (8.5x11"")

If you want it fully personalized please convo me

PLEASE NOTE 
- This listing is for a digital file only and NOT for the actual printed products - YOU NEED TO PRINT IT YOURSELF
- Due to different monitor calibrations and printer setups, output colors may vary.
- Refunds cannot be provided after delivery of digital image due to the nature of the product.

COPYRIGHT NOTICE
All copyrights and trademarks of the character images used belong to their respective owners and are NOT being sold. This listing is for the time and effort used to create and personalize your item, I do not claim ownership over the characters used in my designs. 

Please DO NOT share this file with others or sell as is or as part of a digital collage sheet.

Thank you",3,USD,8,"Plants_vs_Zombies,Zombie,plants,pvz,party_favor,Hersey,Candy_Wrappers,Zombie_party,regular_candy_bar,chocolate_wrapper",,https://i.etsystatic.com/6852489/r/il/51dbc1/1281315598/il_fullxfull.1281315598_q7o4.jpg,https://i.etsystatic.com/6852489/r/il/6aa004/1281317708/il_fullxfull.1281317708_cjsh.jpg,https://i.etsystatic.com/6852489/r/il/53d7c2/1281317808/il_fullxfull.1281317808_cl46.jpg,https://i.etsystatic.com/6852489/r/il/baded8/1281317910/il_fullxfull.1281317910_eq1p.jpg,https://i.etsystatic.com/6852489/r/il/c3655e/1328560173/il_fullxfull.1328560173_a31h.jpg,,,,,,,,,,,,
"Plants vs Zombies Bottle Labels Printable","digital collage sheet
300 dpi high quality
Sheet size - 8.5""x11""
Bottle label size - 8.5 x 2"" and 8.5 x 2.5""

FILES ARE AVAILABLE RIGHT AFTER PAYMENT

YOU WILL GET 
- 4 pages of zombie wrappers
- 4 pages of plants wrappers
All files are in the zip folder

Please contact me if you need personalization

PLEASE NOTE 
- This listing is for a digital file only and NOT for the actual printed products - YOU NEED TO PRINT IT YOURSELF
- Due to different monitor calibrations and printer setups, output colors may vary.
- Refunds cannot be provided after delivery of digital image due to the nature of the product.

COPYRIGHT NOTICE
All copyrights and trademarks of the character images used belong to their respective owners and are NOT being sold. This listing is for the time and effort used to create and personalize your item, I do not claim ownership over the characters used in my designs. 

Please DO NOT share this file with others or sell as is or as part of a digital collage sheet.

Thank you",3,USD,9,"Plants_vs_Zombies,Zombie,plants,pvz,party_favor,Zombie_party,party_supplies,water_bottle_labels,zombie_bottle_label,printable_wrapper,plants_bottle_label,pvz_party",,https://i.etsystatic.com/6852489/r/il/b32ab3/1586388414/il_fullxfull.1586388414_sueo.jpg,https://i.etsystatic.com/6852489/r/il/08a1da/1586388526/il_fullxfull.1586388526_cknf.jpg,https://i.etsystatic.com/6852489/r/il/235b74/1633824803/il_fullxfull.1633824803_t7cr.jpg,https://i.etsystatic.com/6852489/r/il/964ff6/1633824939/il_fullxfull.1633824939_hivh.jpg,https://i.etsystatic.com/6852489/r/il/bde552/2084312365/il_fullxfull.2084312365_3lv8.jpg,https://i.etsystatic.com/6852489/r/il/90b818/2036700742/il_fullxfull.2036700742_kbjm.jpg,,,,,,,,,,,
"Water Bottle Labels - Digital Collage Sheet Layered Template - (T008)","Make your own collage sheets with this Layered Template! Easy to use - just add your images, resize and adjust, change your text, - and it's ready!

This template is for Bottle Labels - 2.5x8"" and 2x8""
300dpi resolution
Sheet size 8.5""x11""

YOU WILL RECEIVE
Collage Sheet Template .psd
Collage Sheet Template .tif
Collage Sheet Template .png

All files will be in a folder in .zip format
(please contact me if you haven't program to open zip folders)

YOU DON'T NEED ONLY PHOTOSHOP
Files are in three variants - png, psd and tif,
You can check these links to find program you may have
www.fileinfo.com/extension/psd
www.fileinfo.com/extension/png
www.fileinfo.com/extension/tif

.PNG FILES ARE COMPATIBLE WITH MICROSOFT WORD
or any photo editing program that use .PNG files

You may use this template to create collage sheets for sale for Commercial or Personal Use, but you may not sell this template, or use this template to create another template for sale.

After purchasing the file, you will see a link to the Downloads page. You can download all the files associated with your order. Downloads are available once your payment is confirmed.

Thank you!",2,USD,8,"photoshop,gimp,digital,template,layered,do_it_yourself,png,psd,birthday,party,water_bottle,label,MICROSOFT_WORD",,https://i.etsystatic.com/6852489/r/il/d6cf2a/1198093376/il_fullxfull.1198093376_agfj.jpg,https://i.etsystatic.com/6852489/r/il/35d35c/1245317037/il_fullxfull.1245317037_1dyt.jpg,,,,,,,,,,,,,,,
"2021 (and 2020) Calendar templates 4""x6"" - 12 fonts - Monday and Sunday Start - personal or commercial use","Printable 2021 and 2020 Monthly Calendar
PNG and JPG files
Monday and Sunday Start

It measures 4"" x 6""
300 dpi high quality

You will get
- 12 sets of month pages (12 different fonts) for 2020 and 2021
- 2 sets of covers (12 different fonts) for 2020 and 2021
Fonts list is included - all fonts are free for commercial use

You do not need a license for your commercial use

All files will be in a folder in .zip format

.PNG and .JPG FILES ARE COMPATIBLE WITH MICROSOFT WORD
or any photo editing program that use .PNG and .JPG files

You may use this template to create collages for sale for Commercial or Personal Use, but you may not sell this template, or use this template to create another template for sale.

After purchasing the file, you will see a link to the Downloads page. You can download all the files associated with your order. Downloads are available once your payment is confirmed.

Thank you!",5,USD,7,"printable,calendar,present,gift,wedding,photo,template,4x6_calendar,photographer,word,2020_calendar,desk_calendar,2021_calendar",,https://i.etsystatic.com/6852489/r/il/acf105/1968414517/il_fullxfull.1968414517_lqc1.jpg,https://i.etsystatic.com/6852489/r/il/d2b8aa/1664805238/il_fullxfull.1664805238_qyh1.jpg,https://i.etsystatic.com/6852489/r/il/f725ba/1664805350/il_fullxfull.1664805350_cl83.jpg,https://i.etsystatic.com/6852489/r/il/12d63c/1664805450/il_fullxfull.1664805450_839e.jpg,,,,,,,,,,,,,
"2021 (and 2020) CD Case Calendar templates PNG and JPG (C15) - 3 fonts - personal or commercial use","Printable 2021 nad 2020 Monthly Calendar
Monday and Sunday Start

PNG files - TRANSPARENT BACKGROUND - resize and add to any background you want
JPG files - add image above

300 dpi high quality
Size - 12 x 14 cm

You will get
- 3 sets of month pages (3 different fonts)
- covers - 2 types
- fonts list is included

You do not need a license for your commercial use

All files will be in a folder in .zip format

FILES ARE COMPATIBLE WITH MICROSOFT WORD
or any photo editing program that use .PNG/.JPG files

After purchasing the file, you will see a link to the Downloads page. You can download all the files associated with your order. Downloads are available once your payment is confirmed.

PLEASE NOTE 
- This listing is for a digital file only and NOT for the actual printed products - YOU NEED TO PRINT IT YOURSELF
- Refunds cannot be provided after delivery of digital image due to the nature of the product.

Thank you!",5,USD,3,"photoshop,present,wedding,cd_case_calendar,2021,2021_calendar,2021_desk_calendar,2021_photo_calendar,2021_DIY_calendar,printable_calendar,new_year_gift,2021_cdcase_calendar,wedding_2021",,https://i.etsystatic.com/6852489/r/il/d8bd75/2327270457/il_fullxfull.2327270457_kcu7.jpg,https://i.etsystatic.com/6852489/r/il/802f99/2279670360/il_fullxfull.2279670360_gtrw.jpg,https://i.etsystatic.com/6852489/r/il/80374b/2279670414/il_fullxfull.2279670414_2c9p.jpg,https://i.etsystatic.com/6852489/r/il/2631e9/2327273617/il_fullxfull.2327273617_b96b.jpg,https://i.etsystatic.com/6852489/r/il/d3c817/2327273487/il_fullxfull.2327273487_31c9.jpg,https://i.etsystatic.com/6852489/r/il/54edfd/2279670300/il_fullxfull.2279670300_j05d.jpg,https://i.etsystatic.com/6852489/r/il/7a471f/2327273531/il_fullxfull.2327273531_9mn8.jpg,,,,,,,,,,
"Printable Christmas Tree Card, Printable Holiday Card, Watercolor Christmas Card, NewYear Printable Card, Digital Card 4x6"" and 5x7""","Card is Blank inside for you to write your own message
-------------------
300dpi resolution
-------------------
Card size when folded:
- 4""x6"" for A4 envelope
- 5""x7"" for A7 envelope
-------------------
YOU WILL RECEIVE
- 4""x6"" card on A4
- 4""x6"" card on L(8.5""x11"")
- 5""x7"" card on A4
- 5""x7"" card on L(8.5""x11"")
Files are in JPG format
-------------------
PLEASE NOTE
-------------------
- You are purchasing a digital item; no physical goods will be delivered.
- Due to instant delivery all sales are final.
- These prints are for PERSONAL USE only; reselling or distribution is not permitted.
-------------------
After purchasing the file, you will see a link to the Downloads page. You can download all the files associated with your order. Downloads are available once your payment is confirmed.

Thank you!



Printable Christmas Tree Card, Printable Holiday Card, Watercolor Christmas Card, NewYear Printable Card, Digital Card 4x6"" and 5x7""",3.5,USD,9,"postcard,post_card,christmas_card,printable_card,Watercolor_Christmas,watercolor_card,new_year_card,merry_christmas,holiday_card,greeting_card,christmas_gift,happy_new_year,christmas_tree_card",,https://i.etsystatic.com/6852489/r/il/bead4d/2709247816/il_fullxfull.2709247816_193c.jpg,https://i.etsystatic.com/6852489/r/il/9431c6/2709247874/il_fullxfull.2709247874_j0sz.jpg,,,,,,,,,,,,,,,
"2021 (and 2020) Monthly PSD Calendar template 4""x6"" (C16) - personal or commercial use","Printable 2021 Monthly calendar
Fully editable PSD layered files

It measures 4"" x 6""
300 dpi high quality

YOU WILL RECEIVE
- 24 monthly PSD layered files (for Sunday and Monday start)
- 1 PSD layered file - covers
+ the set for the year 2020
! This is editable template, the font used is most common Times New Roman

You can check these links to find program you may have
www.fileinfo.com/extension/psd

You may use this template to create collage sheets for sale for Commercial or Personal Use, but you may not sell this template, or use this template to create another template for sale.

After purchasing the file, you will see a link to the Downloads page. You can download all the files associated with your order. Downloads are available once your payment is confirmed.

Thank you!",5,USD,9,"printable,calendar,gift,photo,Photographer,wall_calendar,editable_calendar,DIY_calendar,2021_calendar,psd_calendar,2021_template,wedding_calendar,2021_photo_calendar",,https://i.etsystatic.com/6852489/r/il/0daa69/2371630417/il_fullxfull.2371630417_as56.jpg,https://i.etsystatic.com/6852489/r/il/b2da13/2324043372/il_fullxfull.2324043372_pm6x.jpg,,,,,,,,,,,,,,,
"Mini Milk Carton - Digital Collage Layered Template - (T104)","Make your own collage with this Layered Template! Easy to use - just add your images, resize and adjust, change your text, - and it's ready!

This template is for Mini Milk Carton - sized 2.4x2.4x3.5""
300dpi resolution
Sheet size 8.5""x11""

YOU WILL RECEIVE
     Milk Carton Template in the following formats:
          - PSD
          - PNG
          - TIF
   All files will be in a folder in .zip format

YOU DON'T NEED ONLY PHOTOSHOP
Files are in three variants - png, psd and tif,
You can check these links to find program you may have
www.fileinfo.com/extension/psd
www.fileinfo.com/extension/png
www.fileinfo.com/extension/tif

.PNG FILES ARE COMPATIBLE WITH MICROSOFT WORD
or any photo editing program that use .PNG files

You may use this template to create collage sheets for sale for Commercial or Personal Use, but you may not sell this template, or use this template to create another template for sale.

After purchasing the file, you will see a link to the Downloads page. You can download all the files associated with your order. Downloads are available once your payment is confirmed.

Thank you!",2,USD,9,"photoshop,gimp,digital,template,do_it_yourself,png,psd,party_favor,photo,birthday,MICROSOFT_WORD,milk_carton,gift",,https://i.etsystatic.com/6852489/r/il/fbc063/1194267669/il_fullxfull.1194267669_7gxy.jpg,,,,,,,,,,,,,,,,
"Fries Box - Digital Collage Layered Template - (T009)","Make your own collage with this Layered Template! Easy to use - just add your images, resize and adjust, change your text, - and it's ready!

This template is for Fry Boxes of two different sizes
300dpi resolution
Sheet size 8.5""x11""

YOU WILL RECEIVE
- Collage Template .psd
- Collage Template .tif
- Collage Template .png

All files will be in a folder in .zip format
(please contact me if you haven't program to open zip folders)

YOU DON'T NEED ONLY PHOTOSHOP
Files are in three variants - png, psd and tif,
You can check these links to find program you may have
www.fileinfo.com/extension/psd
www.fileinfo.com/extension/png
www.fileinfo.com/extension/tif

.PNG FILES ARE COMPATIBLE WITH MICROSOFT WORD
or any photo editing program that use .PNG files

You may use this template to create collage sheets for sale for Commercial or Personal Use, but you may not sell this template, or use this template to create another template for sale.

After purchasing the file, you will see a link to the Downloads page. You can download all the files associated with your order. Downloads are available once your payment is confirmed.

Thank you!",2,USD,10,"photoshop,digital,template,layered,collage,png,psd,do_it_yourself,party,favor,birthday,fries_box,MICROSOFT_WORD",,https://i.etsystatic.com/6852489/r/il/35ed1f/328704798/il_fullxfull.328704798.jpg,,,,,,,,,,,,,,,,
"Any Year Perpetual Calendar - Printable Planner Pages - 5 sizes - Date Organizer - Monthly Planner - Birthdays and Anniversaries","Any year Perpetual Calendar is a great addition for your planner! Write down your monthly tasks, family and friends birthdays, or any important dates and notes. Purchase once and use as many times as you wish!

PDF files
300 dpi high quality

YOU WILL GET
13 monthly pages (February 28 and 29) and 3 covers
in PDF formats
for following sizes
 L  Letter ( 8.5"" x 11"" )
 HL  Half Letter ( 5.5"" x 8.5"" )
 A4  210 mm x 297 mm ( 8.27""  11.69"" )
 A5  148 mm x 210 mm ( 5.8"" x 8.3"" )
 SN  Seven Nine ( 7"" x 9"" )

HOW TO DOWNLOAD
After purchasing the file, you will see a link to the Downloads page. Downloads are available once your payment is confirmed.
 Files in .PDF format - as the size is very big, it's available to download from the file hosting. Save and open the DOWNLOAD_LINKS.PDF file from your etsy order, than click the links to download the printables

SIZE INFO
 L  Letter  fits  Franklin Covey Monarch planners  Arc Large discbound notebooks   Levenger Circa discbound notebooks  TUL Note-Taking system notebooks  Mambi Happy Planners Big  Franklin Covey Monarch planners  Folio Size Daytimer
 HL  Half Letter  fits  Filofax A5  Kikki.K Large  Arc Junior discbound notebooks  Desk Size Daytimer  Franklin Covey Classic planners  Midori travelers notebook Regular Gillio organizer A5
 A4  fits  Filofax A4  Arc Large discbound notebooks  A4 3-hole binders
 A5  fits  Filofax A5  Kikki.K Large  Arc Junior discbound notebooks  Desk Size Daytimer  Franklin Covey Classic planners  Midori travelers notebook Regular Gillio organizer A5  Carpe Diem Simple Stories  Van der Spek planners
 SN  Seven Nine  fits  Mambi happy planners Classic  Erin Condren planners  Emily Ley Simplified planners

PLEASE NOTE
 All designs are for PERSONAL/NON-COMMERCIAL use only. You can print as many copies as you wish for your personal use, but you may not share, sell, alter or replicate these files
 Colors may vary between screen display and printing
 This is a DIGITAL product. Printing services not offered
 Due to the nature of DIGITAL products all orders are final

Thank you!

2018 Eudane Studio | www.eudanestudio.com

Birthday Calendar / Perpetual Calendar / Gratitude Journal / Perpetual Planner / Monthly Planner / Printable Planner / Date Keeper / Date Organizer / Planner Pages / Calendar / Birthday Dates / Anniversary / Important dates keeper",4,USD,10,"Birthday_Calendar,Perpetual_Calendar,Gratitude_Journal,Perpetual_Planner,Monthly_Planner,Printable_Planner,Date_Keeper,Date_Organizer,any_year_calendar,planner_inserts,happy_planner,erin_condren_planner,filofax_planner",,https://i.etsystatic.com/6852489/r/il/6529d9/1731869064/il_fullxfull.1731869064_qkme.jpg,https://i.etsystatic.com/6852489/r/il/9c0072/1761867147/il_fullxfull.1761867147_7b1c.jpg,https://i.etsystatic.com/6852489/r/il/d7ed98/1764069671/il_fullxfull.1764069671_pn1k.jpg,https://i.etsystatic.com/6852489/r/il/506282/1764069571/il_fullxfull.1764069571_qt6d.jpg,https://i.etsystatic.com/6852489/r/il/933597/1716502640/il_fullxfull.1716502640_9bcc.jpg,https://i.etsystatic.com/6852489/r/il/673c40/1716502310/il_fullxfull.1716502310_owqi.jpg,https://i.etsystatic.com/6852489/r/il/9b7aa5/1716502476/il_fullxfull.1716502476_njbv.jpg,https://i.etsystatic.com/6852489/r/il/1d5c6c/1764156779/il_fullxfull.1764156779_87up.jpg,,,,,,,,,
"Any Year Level 10 Success and 100 Goals - Printable Planner Pages - 5 sizes - Monthly Planner - Miracle Morning - Goal Planner","Set, track and review your goals with Any Year Level 10 Success and 100 Goals Printable Planner Inserts.  Purchase once and use as many times as you wish!

PDF files
300 dpi high quality

Blank and prefilled life areas
Two chart types

YOU WILL GET
 100 goals pages
 100 goals year review page
 Level 10 chart and pages to review your life levels and set goals
 Goal Action plan page
 Monthly tracking pages
 Level 10 year review page
 3 covers
in PDF formats
for following sizes
 L  Letter ( 8.5"" x 11"" )
 HL  Half Letter ( 5.5"" x 8.5"" )
 A4  210 mm x 297 mm ( 8.27""  11.69"" )
 A5  148 mm x 210 mm ( 5.8"" x 8.3"" )
 SN  Seven Nine ( 7"" x 9"" )

HOW TO DOWNLOAD
After purchasing the file, you will see a link to the Downloads page. Downloads are available once your payment is confirmed.
 Files in .PDF format - as the size is very big, it's available to download from the file hosting. Save and open the DOWNLOAD_LINKS.PDF file from your etsy order, than click the links to download the printables

SIZE INFO
 L  Letter  fits  Franklin Covey Monarch planners  Arc Large discbound notebooks   Levenger Circa discbound notebooks  TUL Note-Taking system notebooks  Mambi Happy Planners Big  Franklin Covey Monarch planners  Folio Size Daytimer
 HL  Half Letter  fits  Filofax A5  Kikki.K Large  Arc Junior discbound notebooks  Desk Size Daytimer  Franklin Covey Classic planners  Midori travelers notebook Regular Gillio organizer A5
 A4  fits  Filofax A4  Arc Large discbound notebooks  A4 3-hole binders
 A5  fits  Filofax A5  Kikki.K Large  Arc Junior discbound notebooks  Desk Size Daytimer  Franklin Covey Classic planners  Midori travelers notebook Regular Gillio organizer A5  Carpe Diem Simple Stories  Van der Spek planners
 SN  Seven Nine  fits  Mambi happy planners Classic  Erin Condren planners  Emily Ley Simplified planners

PLEASE NOTE
 All designs are for PERSONAL/NON-COMMERCIAL use only. You can print as many copies as you wish for your personal use, but you may not share, sell, alter or replicate these files
 Colors may vary between screen display and printing
 This is a DIGITAL product. Printing services not offered
 Due to the nature of DIGITAL products all orders are final

Thank you!

2018 Eudane Studio | www.eudanestudio.com

Printable Planner / Planner inserts / Happy planner / Erin Condren planner / Filofax planner / 100 goals / Level 10 / Level 10 planner / Monthly Goal planner / Goal Action plan / Year review / Miracle Morning / Goal planner",5,USD,1,"Printable_Planner,planner_inserts,happy_planner,erin_condren_planner,filofax_planner,100_goals,level_10,level_10_planner,monthly_goal_planner,goal_action_plan,year_review,miracle_morning,goal_planner",,https://i.etsystatic.com/6852489/r/il/df0f88/1731872154/il_fullxfull.1731872154_70iz.jpg,https://i.etsystatic.com/6852489/r/il/f6f77d/1779330657/il_fullxfull.1779330657_4xzu.jpg,https://i.etsystatic.com/6852489/r/il/7a0d89/1731872710/il_fullxfull.1731872710_ln10.jpg,https://i.etsystatic.com/6852489/r/il/c35387/1731872858/il_fullxfull.1731872858_nf4q.jpg,https://i.etsystatic.com/6852489/r/il/9f5fc4/1779330569/il_fullxfull.1779330569_ot0s.jpg,https://i.etsystatic.com/6852489/r/il/76b25a/1731872406/il_fullxfull.1731872406_75wd.jpg,https://i.etsystatic.com/6852489/r/il/718080/1731872958/il_fullxfull.1731872958_c0l0.jpg,https://i.etsystatic.com/6852489/r/il/7d7eb3/1731873026/il_fullxfull.1731873026_fzh5.jpg,https://i.etsystatic.com/6852489/r/il/c24663/1731872342/il_fullxfull.1731872342_mjkd.jpg,https://i.etsystatic.com/6852489/r/il/1d5c6c/1764156779/il_fullxfull.1764156779_87up.jpg,,,,,,,
"2021 (and 2020) Monthly PSD Calendar template 5""x7"" - Vertical - Fully editable (C07) - personal or commercial use","Printable 2021 Monthly calendar, Personalized calendar, Desk calendar template, 5x7 Photo pocket calendar
Fully editable PSD layered files
Sunday and Monday Start

It measures 5"" x 7""
Vertical orientation
300 dpi high quality
Two month options - letters (JUN) and numbers (06)

YOU WILL RECEIVE (both for 2021 and 2020)
- 12 monthly PSD layered files for Sunday and Monday Start 
- 3 PSD layered file - covers
! This is editable template, the font used is the most common Times New Roman

You can check these links to find program you may have
www.fileinfo.com/extension/psd

You may use this template to create collages for sale for Commercial or Personal Use, but you may not sell this template, or use this template to create another template for sale.

After purchasing the file, you will see a link to the Downloads page. You can download all the files associated with your order. Downloads are available once your payment is confirmed.

Thank you!",5,USD,5,"calendar,template,Photographer,editable_calendar,DIY_calendar,Personalized,photo_calendar,2021_calendar,wedding_calendar,printable_calendar,2021_wall_calendar,2021_psd_calendar,2021_desk_calendar",,https://i.etsystatic.com/6852489/r/il/d18f26/2335332046/il_fullxfull.2335332046_tq2g.jpg,https://i.etsystatic.com/6852489/r/il/db298b/2382928199/il_fullxfull.2382928199_dtmn.jpg,https://i.etsystatic.com/6852489/r/il/c65255/2382928229/il_fullxfull.2382928229_lud2.jpg,https://i.etsystatic.com/6852489/r/il/f5b684/2382932049/il_fullxfull.2382932049_qd30.jpg,https://i.etsystatic.com/6852489/r/il/05b1f5/2382932073/il_fullxfull.2382932073_8f90.jpg,https://i.etsystatic.com/6852489/r/il/5b3d2d/2382932093/il_fullxfull.2382932093_hzij.jpg,,,,,,,,,,,
"Closet Rod Dividers - Digital Collage Sheet Layered Template - (T077)","Make your own collage sheets with this Layered Template! Easy to use - just add your images, resize and adjust, change your text, - and it's ready!

This template is for Closet Rod Dividers (1.65"" inner diameter, 3.27"" outer diameter).
300dpi resolution
Sheet size 8.5""x11""

YOU WILL RECEIVE
Collage Sheet Template .psd
Collage Sheet Template .tif
Collage Sheet Template .png
All files will be in a folder in .zip format

YOU DON'T NEED ONLY PHOTOSHOP
Files are in three variants - png, psd and tif,
You can check these links to find program you may have
www.fileinfo.com/extension/psd
www.fileinfo.com/extension/png
www.fileinfo.com/extension/tif

.PNG FILES ARE COMPATIBLE WITH MICROSOFT WORD
or any photo editing program that use .PNG files

You may use this template to create collage sheets for sale for Commercial or Personal Use, but you may not sell this template, or use this template to create another template for sale.

After purchasing the file, you will see a link to the Downloads page. You can download all the files associated with your order. Downloads are available once your payment is confirmed.

Thank you!",2,USD,7,"photoshop,digital,template,layered,collage,png,psd,Closet,clothing,MICROSOFT_WORD,closet_organization,divider,closet_rod_divider",,https://i.etsystatic.com/6852489/r/il/d73cf9/467383368/il_fullxfull.467383368_r63r.jpg,,,,,,,,,,,,,,,,
"Printable Christmas Card, Printable Holiday Card, Watercolor Christmas Card, NewYear Printable Card, Digital Card 4x6"" and 5x7""","Card is Blank inside for you to write your own message
-------------------
300dpi resolution
-------------------
Card size when folded:
- 4""x6"" for A4 envelope
- 5""x7"" for A7 envelope
-------------------
YOU WILL RECEIVE
- 4""x6"" card on A4
- 4""x6"" card on L(8.5""x11"")
- 5""x7"" card on A4
- 5""x7"" card on L(8.5""x11"")
Files are in JPG format
-------------------
PLEASE NOTE
-------------------
- You are purchasing a digital item; no physical goods will be delivered.
- Due to instant delivery all sales are final.
- These prints are for PERSONAL USE only; reselling or distribution is not permitted.
-------------------
After purchasing the file, you will see a link to the Downloads page. You can download all the files associated with your order. Downloads are available once your payment is confirmed.

Thank you!


Printable Christmas Card, Printable Holiday Card, Watercolor Christmas Card, NewYear Printable Card, Digital Card 4x6"" and 5x7""",3.5,USD,10,"postcard,post_card,christmas_card,printable_card,Watercolor_Christmas,watercolor_card,christmas_wreath,new_year_card,merry_christmas,holiday_card,greeting_card,christmas_gift,happy_new_year",,https://i.etsystatic.com/6852489/r/il/c35f0c/2709186406/il_fullxfull.2709186406_xitk.jpg,https://i.etsystatic.com/6852489/r/il/a4000d/2756917335/il_fullxfull.2756917335_ko37.jpg,,,,,,,,,,,,,,,
"Cards - 4x6"" and 5x7"" - Digital Collage Layered Template - (T003)","Make your own collage with this Layered Template! Easy to use - just add your images, resize and adjust, change your text, - and it's ready!

This template is for 4x6"" and 5x7"" cards - vertical and horizontal orientation 
suitable for invitations and thank you cards
300dpi resolution
Sheet size 8.5""x11""

YOU WILL RECEIVE
Collage Template .psd
Collage Template .tif
Collage Template .png

All files will be in a folder in .zip format
(please contact me if you haven't program to open zip folders)

YOU DON'T NEED ONLY PHOTOSHOP
Files are in three variants - png, psd and tif,
You can check these links to find program you may have
www.fileinfo.com/extension/psd
www.fileinfo.com/extension/png
www.fileinfo.com/extension/tif

.PNG FILES ARE COMPATIBLE WITH MICROSOFT WORD
or any photo editing program that use .PNG files

You may use this template to create collage sheets for sale for Commercial or Personal Use, but you may not sell this template, or use this template to create another template for sale.

After purchasing the file, you will see a link to the Downloads page. You can download all the files associated with your order. Downloads are available once your payment is confirmed.

Thank you!",2,USD,8,"photoshop,gimp,digital,template,do_it_yourself,collage,png,psd,photo,birthday,thank_you,invitation,MICROSOFT_WORD",,https://i.etsystatic.com/6852489/r/il/08ac28/328374391/il_fullxfull.328374391.jpg,https://i.etsystatic.com/6852489/r/il/0b3051/1866316094/il_fullxfull.1866316094_rbu1.jpg,,,,,,,,,,,,,,,
"Construction Digital Clipart - 60 files - Scrapbooking Elements - Instant Download (SET3)","These elements will come in handy in any creative project like scrapbooking, invitations, announcements, and party favors, stationary, paper crafts and art. Ready for immediate digital and print use!

Construction Digital Clipart Pack contains 60 construction work themed elements. Files are in 300dpi PNG format. Works with graphics programs such as Photoshop, Photoshop Elements, GIMP. etc.
All files will be in a folder in .zip format

~LICENSE~
You may use this template to create collage sheets for sale for Commercial or Personal Use, but you may not sell this template, or use this template to create another template for sale.

~MATCHING PAPER~
https://www.etsy.com/listing/513625020

~INSTANT DOWNLOAD~
After purchasing the file, you will see a link to the Downloads page. You can download all the files associated with your order. Downloads are available once your payment is confirmed.

Thank you!",4,USD,9,"photoshop,gimp,digital,do_it_yourself,party_favor,photo,birthday,construction,Digital_Scrapbook,Printable_Paper,Truck,clipart,Work_Zone",,https://i.etsystatic.com/6852489/r/il/a09856/1189620552/il_fullxfull.1189620552_7b74.jpg,https://i.etsystatic.com/6852489/r/il/2021be/1189620578/il_fullxfull.1189620578_rd9i.jpg,https://i.etsystatic.com/6852489/r/il/95eb4e/1189620586/il_fullxfull.1189620586_eyth.jpg,https://i.etsystatic.com/6852489/r/il/35d947/1189620564/il_fullxfull.1189620564_72sc.jpg,https://i.etsystatic.com/6852489/r/il/fbc39d/1189620556/il_fullxfull.1189620556_jyuz.jpg,,,,,,,,,,,,
"Carnival Tickets - Digital Collage Sheet Layered Template - (T016)","Make your own collage sheets with this Layered Template! Easy to use - just add your images, resize and adjust, change your text, - and it's ready!

This template is for Carnival Tickets - 1x2""
300dpi resolution
Sheet size 8.5""x11""

YOU WILL RECEIVE
Collage Sheet Template .psd
Collage Sheet Template .tif
Collage Sheet Template .png
All files will be in a folder in .zip format

YOU DON'T NEED ONLY PHOTOSHOP
Files are in three variants - png, psd and tif,
You can check these links to find program you may have
www.fileinfo.com/extension/psd
www.fileinfo.com/extension/png
www.fileinfo.com/extension/tif

.PNG FILES ARE COMPATIBLE WITH MICROSOFT WORD
or any photo editing program that use .PNG files

You may use this template to create collage sheets for sale for Commercial or Personal Use, but you may not sell this template, or use this template to create another template for sale.

After purchasing the file, you will see a link to the Downloads page. You can download all the files associated with your order. Downloads are available once your payment is confirmed.

Thank you!",2,USD,10,"photoshop,digital,template,layered,collage,png,psd,do_it_yourself,party,scrapbooking,carnival_ticket,tag,MICROSOFT_WORD",,https://i.etsystatic.com/6852489/r/il/2326d5/328515462/il_fullxfull.328515462.jpg,,,,,,,,,,,,,,,,
"Ticket Invitations - Digital Collage Layered Template - (T005)","Make your own collage with this Layered Template! Easy to use - just add your images, resize and adjust, change your text, - and it's ready!

This template is for Ticket Invitations - 2x6""
300dpi resolution
Sheet size 8.5""x11""

YOU WILL RECEIVE
- Collage Template .psd
- Collage Template .tif
- Collage Template .png

All files will be in a folder in .zip format

YOU DON'T NEED ONLY PHOTOSHOP
Files are in three variants - png, psd and tif,
You can check these links to find program you may have
www.fileinfo.com/extension/psd
www.fileinfo.com/extension/png
www.fileinfo.com/extension/tif

.PNG FILES ARE COMPATIBLE WITH MICROSOFT WORD
or any photo editing program that use .PNG files

You may use this template to create collage sheets for sale for Commercial or Personal Use, but you may not sell this template, or use this template to create another template for sale.

After purchasing the file, you will see a link to the Downloads page. You can download all the files associated with your order. Downloads are available once your payment is confirmed.

Thank you!",2,USD,18,"photoshop,digital,template,layered,do_it_yourself,collage,png,psd,photo,birthday,ticket,invitation,MICROSOFT_WORD",,https://i.etsystatic.com/6852489/r/il/6935a4/328376239/il_fullxfull.328376239.jpg,,,,,,,,,,,,,,,,
"Printable Floral Gift Certificate - 3 sizes - INSTANT DOWNLOAD","Printable Floral Gift Certificate - INSTANT DOWNLOAD
Perfect to promote your direct sales business. Feminine and trendy watercolor flower design.
300dpi resolution

Sizes
9"" x 4"" - fits envelope #10
8.5"" x 3.5"" - fits envelope #9
7"" x 3"" - fits envelope #7 3/4 (Monarch)

Files are in JPG format, one image per file

After purchasing the file, you will see a link to the Downloads page. You can download all the files associated with your order. Downloads are available once your payment is confirmed.

PLEASE NOTE 
- This listing is for a digital file only and NOT for the actual printed products - YOU NEED TO PRINT IT YOURSELF
- Due to different monitor calibrations and printer setups, output colors may vary.
- Refunds cannot be provided after delivery of digital image due to the nature of the product.
- Our products are created for personal and business uses. You may not resell, redistribute or share these templates in whole or in part for any reason; claim these designs as your own; or sell any design digital or printed on any online store.

Please see the policies in the tab above

Thank you!",5,USD,10,"floral,gift_certificate,premade_certificate,gifts_for_her,marketing,consultant_sales,direct_sales,gift_card,printable_gift_card,gift_voucher,pop-up_boutique,business_gift_card,watercolor",,https://i.etsystatic.com/6852489/r/il/9e2abd/1490939588/il_fullxfull.1490939588_ab7f.jpg,https://i.etsystatic.com/6852489/r/il/4afbe8/1538422527/il_fullxfull.1538422527_6erp.jpg,,,,,,,,,,,,,,,
"2021 Printable calendar 5""x7"", Monthly calendar digital download, Desk calendar, Scandi calendar, Monthly planner inserts, North nature","2021 Printable calendar 5""x7"", Monthly calendar digital download, Desk calendar, Scandi calendar, Monthly planner inserts, North nature 

--------------
FILE SIZES
--------------
5"" x 7""
Letter - 8.5"" x 11"" (5""x7"" with cut lines)

---------------
YOU WILL RECEIVE
---------------
in JPG format (300 dpi):
- 5""x7"" calendar - Sunday start
- 5""x7"" calendar - Monday start
- 5""x7"" calendar pages set on 8.5""x11"" sheet with cut lines - Sunday start
- 5""x7"" calendar pages set on 8.5""x11"" sheet with cut lines - Monday start
All files are in the ZIP folder

-------------------
PLEASE NOTE
-------------------
- You are purchasing a digital item; no physical goods will be delivered.
- Due to instant delivery all sales are final.
- These prints are for PERSONAL USE only; reselling or distribution is not permitted.

After purchasing the file, you will get a link to the Downloads page. You can download all the files associated with your order. Downloads are available once your payment is confirmed.

Thank you!",6.5,USD,10,"Desk_calendar,2021_calendar,printable_calendar,2021_gift_calendar,Scandi_calendar,2021_planner_inserts,2021_planner,monthly_calendar,nature_calendar,mini_calendar,botanical_calendar,digital_calendar,planner_printables",,https://i.etsystatic.com/6852489/r/il/86f6f0/2683451073/il_fullxfull.2683451073_bpdo.jpg,https://i.etsystatic.com/6852489/r/il/281117/2635789174/il_fullxfull.2635789174_5832.jpg,https://i.etsystatic.com/6852489/r/il/e35646/2635789248/il_fullxfull.2635789248_251i.jpg,https://i.etsystatic.com/6852489/r/il/bfd7a6/2683451241/il_fullxfull.2683451241_7idz.jpg,https://i.etsystatic.com/6852489/r/il/524bac/2683451313/il_fullxfull.2683451313_bp4c.jpg,https://i.etsystatic.com/6852489/r/il/140f79/2635789532/il_fullxfull.2635789532_sjua.jpg,,,,,,,,,,,
"2021 Monthly PSD Calendar template 5""x7"" - Horizontal - Fully editable (C10) - personal or commercial use","Printable 2021 Monthly calendar, Personalized calendar, Desk calendar template, 5x7 Photo pocket calendar
Fully editable PSD layered files
Sunday and Monday Start

It measures 5"" x 7""
Horizontal orientation
300 dpi high quality

YOU WILL RECEIVE
- 12 monthly PSD layered files for Sunday and Monday Start
- 3 PSD layered file - covers
! This is editable template, the font used is the most common Times New Roman

You can check these links to find program you may have
www.fileinfo.com/extension/psd

You may use this template to create collages for sale for Commercial or Personal Use, but you may not sell this template, or use this template to create another template for sale.

After purchasing the file, you will see a link to the Downloads page. You can download all the files associated with your order. Downloads are available once your payment is confirmed.

Thank you!",5,USD,8,"calendar,wedding,wall_calendar,editable_calendar,Desk_calendar,Personalized,calendar_template,2021_calendar,printable_calendar,2021_gift_calendar,2021_diy_calendar,2021_psd_calendar",,https://i.etsystatic.com/6852489/r/il/671ddc/2335731706/il_fullxfull.2335731706_k1qs.jpg,https://i.etsystatic.com/6852489/r/il/cb2048/2383322687/il_fullxfull.2383322687_rxmi.jpg,https://i.etsystatic.com/6852489/r/il/2d9176/2335731746/il_fullxfull.2335731746_p3w9.jpg,https://i.etsystatic.com/6852489/r/il/09e48d/2335731794/il_fullxfull.2335731794_5r7z.jpg,https://i.etsystatic.com/6852489/r/il/4bbcc4/2335731838/il_fullxfull.2335731838_c53n.jpg,,,,,,,,,,,,
"Printable Eucalyptus Floral Gift Certificate - 2 designs - 3 sizes","Printable Eucalyptus Floral Gift Certificate - INSTANT DOWNLOAD
Perfect to promote your direct sales business. Hand painted watercolor eucalyptus branches designs.
300dpi resolution

2 Designs

Sizes
9"" x 4"" - fits envelope #10
8.5"" x 3.5"" - fits envelope #9
7"" x 3"" - fits envelope #7 3/4 (Monarch)

Files are in JPG format, one image per file

After purchasing the file, you will see a link to the Downloads page. You can download all the files associated with your order. Downloads are available once your payment is confirmed.

PLEASE NOTE 
- This listing is for a digital file only and NOT for the actual printed products - YOU NEED TO PRINT IT YOURSELF
- Due to different monitor calibrations and printer setups, output colors may vary.
- Refunds cannot be provided after delivery of digital image due to the nature of the product.
- Our products are created for personal and business uses. You may not resell, redistribute or share these templates in whole or in part for any reason; claim these designs as your own; or sell any design digital or printed on any online store.

Please see the policies in the tab above

Thank you!",5,USD,10,"floral,gift_certificate,premade_certificate,gifts_for_her,marketing,consultant_sales,direct_sales,gift_card,printable_gift_card,gift_voucher,pop-up_boutique,business_gift_card,watercolor",,https://i.etsystatic.com/6852489/r/il/3b88c6/1583764357/il_fullxfull.1583764357_3opb.jpg,https://i.etsystatic.com/6852489/r/il/870640/1536300070/il_fullxfull.1536300070_iewx.jpg,https://i.etsystatic.com/6852489/r/il/bd98cc/1536300092/il_fullxfull.1536300092_ng7n.jpg,,,,,,,,,,,,,,
"Plants vs Zombies Mini Candy Bar Wrappers Printable","digital collage sheet
300 dpi high quality
Sheet size - 8.5""x11""
12 wrappers on each sheet

FILES ARE AVAILABLE RIGHT AFTER PAYMENT

YOU WILL GET 
- 1 jpg file with 12 zombie' wrappers
- 1 jpg file with 12 plants' wrappers
- 1 PDF with both files

For best results print on bright-white paper of 80  110 lb

PLEASE NOTE 
- This listing is for a digital file only and NOT for the actual printed products - YOU NEED TO PRINT IT YOURSELF
- Due to different monitor calibrations and printer setups, output colors may vary.
- Refunds cannot be provided after delivery of digital image due to the nature of the product.

COPYRIGHT NOTICE
All copyrights and trademarks of the character images used belong to their respective owners and are NOT being sold. This listing is for the time and effort used to create and personalize your item, I do not claim ownership over the characters used in my designs. 

Please DO NOT share this file with others or sell as is or as part of a digital collage sheet.

Thank you",2,USD,10,"Plants_vs_Zombies,Zombie,plants,pvz,party_favor,Hersey,Candy_Wrappers,Mini_Candy_Bar,Zombie_party",,https://i.etsystatic.com/6852489/r/il/73fd14/1304403299/il_fullxfull.1304403299_pah9.jpg,https://i.etsystatic.com/6852489/r/il/43ae0c/1304403361/il_fullxfull.1304403361_dny1.jpg,https://i.etsystatic.com/6852489/r/il/9deab8/1257165592/il_fullxfull.1257165592_mu15.jpg,,,,,,,,,,,,,,
